src/hhemt/analysis.py	analysis.py:2231	hhemt.analysis.TRITONSWMM_analysis
src/hhemt/analysis.py	analysis.py:2607	hhemt.analysis.TRITONSWMM_analysis.reprocess
src/hhemt/analysis.py	analysis.py:2835	hhemt.analysis.TRITONSWMM_analysis
src/hhemt/analysis.py	analysis.py:3128	hhemt.analysis.TRITONSWMM_analysis
src/hhemt/analysis.py	analysis.py:683	hhemt.analysis.TRITONSWMM_analysis.reprocess
src/hhemt/analysis.py	cli.py:1026	hhemt.analysis.TRITONSWMM_analysis.reprocess
src/hhemt/analysis.py	config/analysis.py:529	hhemt.analysis.TRITONSWMM_analysis
src/hhemt/analysis.py	config/hpc_system.py:190	hhemt.analysis.TRITONSWMM_analysis
src/hhemt/analysis.py	config/report.py:872	hhemt.analysis.TRITONSWMM_analysis
src/hhemt/analysis.py	config/report.py:924	hhemt.analysis.TRITONSWMM_analysis
src/hhemt/analysis.py	constants.py:179	hhemt.analysis.TRITONSWMM_analysis
src/hhemt/analysis.py	paths.py:107	hhemt.analysis.TRITONSWMM_analysis
src/hhemt/analysis.py	prepare_scenario_runner.py:139	hhemt.analysis.TRITONSWMM_analysis
src/hhemt/analysis.py	prepare_scenario_runner.py:139	hhemt.analysis.TRITONSWMM_analysis.test
src/hhemt/analysis.py	process_simulation.py:1175	hhemt.analysis.TRITONSWMM_analysis
src/hhemt/analysis.py	processing_analysis.py:183	hhemt.analysis.TRITONSWMM_analysis.reprocess
src/hhemt/analysis.py	scenario.py:138	hhemt.analysis.TRITONSWMM_analysis
src/hhemt/analysis.py	scenario.py:385	hhemt.analysis.TRITONSWMM_analysis
src/hhemt/analysis.py	scenario.py:62	hhemt.analysis.TRITONSWMM_analysis
src/hhemt/analysis.py	scenario.py:76	hhemt.analysis.TRITONSWMM_analysis
src/hhemt/analysis.py	sensitivity_analysis.py:1607	hhemt.analysis.TRITONSWMM_analysis
src/hhemt/analysis.py	sensitivity_analysis.py:2031	hhemt.analysis.TRITONSWMM_analysis
src/hhemt/analysis.py	sensitivity_analysis.py:480	hhemt.analysis.TRITONSWMM_analysis
src/hhemt/analysis.py	sensitivity_analysis.py:50	hhemt.analysis.TRITONSWMM_analysis
src/hhemt/analysis.py	sensitivity_analysis.py:727	hhemt.analysis.TRITONSWMM_analysis.reprocess
src/hhemt/analysis.py	sensitivity_analysis.py:743	hhemt.analysis.TRITONSWMM_analysis.reprocess
src/hhemt/analysis.py	swmm_utils.py:105	hhemt.analysis.TRITONSWMM_analysis
src/hhemt/analysis.py	swmm_utils.py:105	hhemt.analysis.TRITONSWMM_analysis.test
src/hhemt/analysis.py	workflow.py:1350	hhemt.analysis.TRITONSWMM_analysis
src/hhemt/analysis.py	workflow.py:6652	hhemt.analysis.TRITONSWMM_analysis
src/hhemt/analysis.py	workflow.py:6678	hhemt.analysis.TRITONSWMM_analysis
src/hhemt/analysis.py	workflow.py:6684	hhemt.analysis.TRITONSWMM_analysis
src/hhemt/analysis.py	workflow.py:6684	hhemt.analysis.TRITONSWMM_analysis.reprocess
src/hhemt/bundle/__init__.py	bundle/_emit.py:1413	hhemt.bundle.Bundle.from_directory
src/hhemt/eda/_context.py	system_overview.py:138	hhemt.eda.load_eda_context
src/hhemt/eda/compute_sensitivity.py	analysis_validation.py:55	hhemt.eda.check_cross_hardware_magnitude
src/hhemt/eda/compute_sensitivity.py	analysis_validation.py:55	hhemt.eda.check_rank_sensitivity
src/hhemt/eda/compute_sensitivity.py	analysis_validation.py:55	hhemt.eda.check_resume_sensitivity
src/hhemt/eda/cross_sim_identity.py	_config_diff.py:898	hhemt.eda.check_cross_sim_identity
src/hhemt/eda/raw_resume_identity.py	process_simulation.py:1842	hhemt.eda.check_raw_b4b
src/hhemt/experiment_bundle.py	orchestration.py:381	hhemt.experiment_bundle.run_experiment
src/hhemt/experiment_bundle.py	toolkit.py:309	hhemt.experiment_bundle.run_experiment
src/hhemt/experiments.py	_emit.py:844	hhemt.experiments.TRITON_SWMM_experiment
src/hhemt/experiments.py	_reprex.py:156	hhemt.experiments.TRITON_SWMM_experiment
src/hhemt/experiments.py	container_build.py:156	hhemt.experiments.TRITON_SWMM_experiment.from_doi
src/hhemt/experiments.py	run_simulation.py:421	hhemt.experiments.TRITON_SWMM_experiment
src/hhemt/experiments.py	run_simulation_runner.py:214	hhemt.experiments.TRITON_SWMM_experiment
src/hhemt/experiments.py	system.py:218	hhemt.experiments.TRITON_SWMM_experiment
src/hhemt/experiments.py	workflow.py:805	hhemt.experiments.TRITON_SWMM_experiment
src/hhemt/sensitivity_analysis.py	analysis.py:3578	hhemt.sensitivity_analysis.TRITONSWMM_sensitivity_analysis.submit_workflow
src/hhemt/sensitivity_analysis.py	system.py:522	hhemt.sensitivity_analysis.TRITONSWMM_sensitivity_analysis
src/hhemt/sensitivity_analysis.py	system.py:813	hhemt.sensitivity_analysis.TRITONSWMM_sensitivity_analysis
src/hhemt/sensitivity_analysis.py	workflow.py:6810	hhemt.sensitivity_analysis.TRITONSWMM_sensitivity_analysis.reprocess
src/hhemt/sensitivity_analysis.py	workflow.py:9799	hhemt.sensitivity_analysis.TRITONSWMM_sensitivity_analysis.reprocess
src/hhemt/synthetic_experiment.py	swmm_template.py:241	hhemt.synthetic_experiment.assert_coupling_nodes_distinct
src/hhemt/synthetic_experiment.py	triton.h:2363	hhemt.synthetic_experiment.assert_coupling_nodes_distinct
